Date,Gasoline Price,Gasoline One-Week Change %,Gasoline Three-Month Change %,Diesel Price,Diesel One-Week Change %,Diesel Three-Month Change %
2018-08-24,0.0,3.3,,2.9
2018-08-23,0.0,3.3,,2.9
2018-08-22,0.0,3.3,,2.9
2018-08-21,0.0,3.3,,2.9
2018-08-20,-0.2,4.1,,4.2
2018-08-17,-0.2,4.1,,4.2
2018-08-16,5.08,-0.2,4.1,4.99
2018-08-15,5.08,-0.2,4.1,4.99
2018-08-14,5.08,-0.2,4.1,4.99
2018-08-13,5.09,0.2,5.6,5.02
2018-08-10,5.09,0.2,5.6,5.02
2018-08-09,5.09,0.2,5.6,5.02
2018-08-08,5.09,0.2,5.6,5.02
2018-08-07,5.09,0.2,5.6,5.02
2018-08-06,5.08,-0.6,6.7,4.99
2018-08-03,5.08,-0.6,6.7,4.99
2018-08-02,5.08,-0.6,6.7,4.99
2018-08-01,5.08,-0.6,6.7,4.99
2018-07-31,5.08,-0.6,6.7,4.99
2018-07-30,5.11,0.4,8.5,5.05
2018-07-27,5.11,0.4,8.5,5.05
2018-07-26,5.11,0.4,8.5,5.05
2018-07-25,5.11,0.4,8.5,5.05
2018-07-24,5.11,0.4,8.5,5.05
2018-07-23,5.09,1.0,8.5,5.04
2018-07-20,5.09,1.0,8.5,5.04
2018-07-19,5.09,1.0,8.5,5.04
2018-07-18,5.09,1.0,8.5,5.04
2018-07-17,5.09,1.0,8.5,5.04
2018-07-16,5.04,0.6,7.5,4.99
2018-07-13,5.04,0.6,7.5,4.99
2018-07-12,5.04,0.6,7.5,4.99
2018-07-11,5.04,0.6,7.5,4.99
2018-07-10,5.04,0.6,7.5,4.99
2018-07-09,5.01,-0.6,9.2,4.97
2018-07-06,5.01,-0.6,9.2,4.97
2018-07-05,5.01,-0.6,9.2,4.97
2018-07-04,5.01,-0.6,9.2,4.97
2018-07-03,5.01,-0.6,9.2,4.97
2018-07-02,5.04,-1.0,10.0,4.99
2018-06-29,5.04,-1.0,10.0,4.99
2018-06-28,5.04,-1.0,10.0,4.99
2018-06-27,5.09,-0.4,10.9,5.03
2018-06-26,5.09,-0.4,10.9,5.03
2018-06-25,5.09,-0.4,10.9,5.03
2018-06-22,5.09,-0.4,10.9,5.03
2018-06-21,5.09,-0.4,10.9,5.03
2018-06-20,5.09,-0.4,10.9,5.03
2018-06-19,5.09,-0.4,10.9,5.03
2018-06-18,5.11,-0.6,10.6,5.07
2018-06-15,5.11,-0.6,10.6,5.07
2018-06-14,5.11,-0.6,10.6,5.07
2018-06-13,5.11,-0.6,10.6,5.07
2018-06-12,5.11,-0.6,10.6,5.07
2018-06-11,5.14,1.0,12.0,5.09
2018-06-08,5.14,1.0,12.0,5.09
2018-06-07,5.14,1.0,12.0,5.09
2018-06-06,5.14,1.0,12.0,5.09
2018-06-05,5.14,1.0,12.0,5.09
2018-06-04,5.09,1.0,9.7,5.04
2018-06-01,5.09,1.0,9.7,5.04
2018-05-31,5.09,1.0,9.7,5.04
2018-05-29,5.09,1.0,9.7,5.04
2018-05-28,5.04,2.4,8.2,4.98
2018-05-25,5.04,2.4,8.2,4.98
2018-05-24,5.04,2.4,8.2,4.98
2018-05-23,5.04,2.4,8.2,4.98
2018-05-22,5.04,2.4,8.2,4.98
2018-05-21,4.92,0.8,5.1,4.85
2018-05-18,4.92,0.8,5.1,4.85
2018-05-17,4.92,0.8,5.1,4.85
2018-05-16,4.92,0.8,5.1,4.85
2018-05-15,4.92,0.8,5.1,4.85
2018-05-14,4.88,1.2,3.8,4.79
2018-05-11,4.88,1.2,3.8,4.79
2018-05-10,4.88,1.2,3.8,4.79
2018-05-09,4.88,1.2,3.8,4.79
2018-05-08,4.88,1.2,3.8,4.79
2018-05-07,4.82,1.3,2.1,4.73
2018-05-04,4.82,1.3,2.1,4.73
2018-05-03,4.82,1.3,2.1,4.73
2018-05-02,4.82,1.3,2.1,4.73
2018-05-01,4.82,1.3,2.1,4.73
2018-04-30,4.76,1.1,1.1,4.67
2018-04-27,4.76,1.1,1.1,4.67
2018-04-26,4.76,1.1,1.1,4.67
2018-04-25,4.76,1.1,1.1,4.67
2018-04-24,4.76,1.1,1.1,4.67
2018-04-23,4.71,0.4,0.9,4.61
2018-04-20,4.71,0.4,0.9,4.61
2018-04-19,4.71,0.4,0.9,4.61
2018-04-18,4.71,0.4,0.9,4.61
2018-04-17,4.71,0.4,0.9,4.61
2018-04-16,4.69,0.0,0.0,4.59
2018-04-13,4.69,0.0,0.0,4.59
2018-04-12,4.69,0.0,0.0,4.59
2018-04-11,4.69,0.0,0.0,4.59
2018-04-10,4.69,0.0,0.0,4.59
2018-04-09,4.69,2.2,0.9,4.61
2018-04-06,4.69,2.2,0.9,4.61
2018-04-05,4.69,2.2,0.9,4.61
2018-04-04,4.69,2.2,0.9,4.61
2018-04-03,4.69,2.2,0.9,4.61
2018-04-02,4.59,0.2,-1.3,4.49
2018-03-30,4.59,0.2,-1.3,4.49
2018-03-29,4.59,0.2,-1.3,4.49
2018-03-28,4.59,0.2,-1.3,4.49
2018-03-27,4.59,0.2,-1.3,4.49
2018-03-26,4.58,-0.2,-1.7,4.48
2018-03-23,4.58,-0.2,-1.7,4.48
2018-03-22,4.58,-0.2,-1.7,4.48
2018-03-21,4.58,-0.2,-1.7,4.48
2018-03-20,4.58,-0.2,-1.7,4.48
2018-03-19,4.59,-0.6,-1.9,4.49
2018-03-16,4.59,-0.6,-1.9,4.49
2018-03-15,4.59,-0.6,-1.9,4.49
2018-03-14,4.59,-0.6,-1.9,4.49
2018-03-13,4.59,-0.6,-1.9,4.49
2018-03-12,4.62,0.7,-1.5,4.52
2018-03-09,4.62,0.7,-1.5,4.52
2018-03-08,4.62,0.7,-1.5,4.52
2018-03-07,4.62,0.7,-1.5,4.52
2018-03-06,4.62,0.7,-1.5,4.52
2018-03-05,4.59,-1.1,-2.8,4.49
2018-03-02,4.59,-1.1,-2.8,4.49
2018-03-01,4.59,-1.1,-2.8,4.49
2018-02-28,4.59,-1.1,-2.8,4.49
2018-02-27,4.59,-1.1,-2.8,4.49
2018-02-26,4.64,-0.4,-0.2,4.52
2018-02-23,4.64,-0.4,-0.2,4.52
2018-02-22,4.64,-0.4,-0.2,4.52
2018-02-21,4.64,-0.4,-0.2,4.52
2018-02-20,4.64,-0.4,-0.2,4.52
2018-02-19,4.66,-0.4,2.4,4.55
2018-02-16,4.66,-0.4,2.4,4.55
2018-02-15,4.66,-0.4,2.4,4.55
2018-02-14,4.66,-0.4,2.4,4.55
2018-02-13,4.66,-0.4,2.4,4.55
2018-02-12,4.68,-0.4,2.2,4.57
2018-02-09,4.68,-0.4,2.2,4.57
2018-02-08,4.68,-0.4,2.2,4.57
2018-02-07,4.68,-0.4,2.2,4.57
2018-02-06,4.68,-0.4,2.2,4.57
2018-02-05,4.7,-0.4,3.5,4.6
2018-02-02,4.7,-0.4,3.5,4.6
2018-02-01,4.7,-0.4,3.5,4.6
2018-01-31,4.7,-0.4,3.5,4.6
2018-01-30,4.7,-0.4,3.5,4.6
2018-01-29,4.72,0.2,3.3,4.63
2018-01-26,4.72,0.2,3.3,4.63
2018-01-25,4.72,0.2,3.3,4.63
2018-01-24,4.72,0.2,3.3,4.63
2018-01-23,4.72,0.2,3.3,4.63
2018-01-22,4.71,0.9,2.6,4.59
2018-01-19,4.71,0.9,2.6,4.59
2018-01-18,4.71,0.9,2.6,4.59
2018-01-17,4.71,0.9,2.6,4.59
2018-01-16,4.71,0.9,2.6,4.59
2018-01-15,4.67,-0.4,1.3,4.55
2018-01-12,4.67,-0.4,1.3,4.55
2018-01-11,4.67,-0.4,1.3,4.55
2018-01-10,4.67,-0.4,1.3,4.55
2018-01-09,4.67,-0.4,1.3,4.55
2018-01-08,4.69,0.9,2.2,4.57
2018-01-05,4.69,0.9,2.2,4.57
2018-01-04,4.69,0.9,2.2,4.57
2018-01-03,4.69,0.9,2.2,4.57
2018-01-02,4.69,0.9,2.2,4.57
2018-01-01,4.65,0.0,0.4,4.54
2017-12-29,4.65,0.0,0.4,4.54
2017-12-28,4.65,0.0,0.4,4.54
2017-12-27,4.65,0.0,0.4,4.54
2017-12-26,4.65,0.0,0.4,4.54
2017-12-25,4.65,-0.2,2.2,4.53
2017-12-22,4.65,-0.2,2.2,4.53
2017-12-21,4.65,-0.2,2.2,4.53
2017-12-20,4.65,-0.2,2.2,4.53
2017-12-19,4.65,-0.2,2.2,4.53
2017-12-18,4.66,-0.4,5.2,4.53
2017-12-15,4.66,-0.4,5.2,4.53
2017-12-14,4.66,-0.4,5.2,4.53
2017-12-13,4.66,-0.4,5.2,4.53
2017-12-12,4.66,-0.4,5.2,4.53
2017-12-11,4.68,-0.2,4.7,4.54
2017-12-08,4.68,-0.2,4.7,4.54
2017-12-07,4.68,-0.2,4.7,4.54
2017-12-06,4.68,-0.2,4.7,4.54
2017-12-05,4.68,-0.2,4.7,4.54
2017-12-04,4.69,-0.6,6.1,4.57
2017-12-01,4.69,-0.6,6.1,4.57
2017-11-30,4.69,-0.6,6.1,4.57
2017-11-29,4.69,-0.6,6.1,4.57
2017-11-28,4.69,-0.6,6.1,4.57
2017-11-27,4.72,1.5,5.6,4.59
2017-11-24,4.72,1.5,5.6,4.59
2017-11-23,4.72,1.5,5.6,4.59
2017-11-22,4.72,1.5,5.6,4.59
2017-11-21,4.72,1.5,5.6,4.59
2017-11-20,4.65,2.2,4.7,4.55
2017-11-17,4.65,2.2,4.7,4.55
2017-11-16,4.65,2.2,4.7,4.55
2017-11-15,4.65,2.2,4.7,4.55
2017-11-14,4.65,2.2,4.7,4.55
2017-11-13,4.55,-0.7,4.1,4.43
2017-11-10,4.55,-0.7,4.1,4.43
2017-11-09,4.55,-0.7,4.1,4.43
2017-11-08,4.55,-0.7,4.1,4.43
2017-11-07,4.55,-0.7,4.1,4.43
2017-11-06,4.58,0.9,5.5,4.45
2017-11-03,4.58,0.9,5.5,4.45
2017-11-02,4.58,0.9,5.5,4.45
2017-11-01,4.58,0.9,5.5,4.45
2017-10-31,4.58,0.9,5.5,4.45
2017-10-30,4.54,-0.7,4.4,4.42
2017-10-27,4.54,-0.7,4.4,4.42
2017-10-26,4.54,-0.7,4.4,4.42
2017-10-25,4.54,-0.7,4.4,4.42
2017-10-24,4.54,-0.7,4.4,4.42
2017-10-23,4.57,-0.4,5.8,4.42
2017-10-20,4.57,-0.4,5.8,4.42
2017-10-19,4.57,-0.4,5.8,4.42
2017-10-18,4.57,-0.4,5.8,4.42
2017-10-17,4.57,-0.4,5.8,4.42
2017-10-16,4.59,-0.4,5.8,4.44
2017-10-13,4.59,-0.4,5.8,4.44
2017-10-12,4.59,-0.4,5.8,4.44
2017-10-11,4.59,-0.4,5.8,4.44
2017-10-10,4.59,-0.4,5.8,4.44
2017-10-09,4.61,0.4,5.5,4.39
2017-10-06,4.61,0.4,5.5,4.39
2017-10-05,4.61,0.4,5.5,4.39
2017-10-04,4.61,0.4,5.5,4.39
2017-10-03,4.61,0.4,5.5,4.39
2017-10-02,4.59,-0.9,4.3,4.34
2017-09-29,4.59,-0.9,4.3,4.34
2017-09-28,4.59,-0.9,4.3,4.34
2017-09-27,4.59,-0.9,4.3,4.34
2017-09-26,4.59,-0.9,4.3,4.34
2017-09-25,4.63,1.8,4.3,4.36
2017-09-22,4.63,1.8,4.3,4.36
2017-09-21,4.63,1.8,4.3,4.36
2017-09-20,4.63,1.8,4.3,4.36
2017-09-19,4.63,1.8,4.3,4.36
2017-09-18,4.55,2.7,1.8,4.28
2017-09-15,4.55,2.7,1.8,4.28
2017-09-14,4.55,2.7,1.8,4.28
2017-09-13,4.55,2.7,1.8,4.28
2017-09-12,4.55,2.7,1.8,4.28
2017-09-11,4.43,-0.9,-1.3,4.27
2017-09-08,4.43,-0.9,-1.3,4.27
2017-09-07,4.43,-0.9,-1.3,4.27
2017-09-06,4.43,-0.9,-1.3,4.27
2017-09-05,4.43,-0.9,-1.3,4.27
2017-09-04,4.47,1.1,-1.5,4.29
2017-09-01,4.47,1.1,-1.5,4.29
2017-08-31,4.47,1.1,-1.5,4.29
2017-08-30,4.47,1.1,-1.5,4.29
2017-08-29,4.47,1.1,-1.5,4.29
2017-08-28,4.42,-1.1,-3.9,4.26
2017-08-25,4.42,-1.1,-3.9,4.26
2017-08-24,4.42,-1.1,-3.9,4.26
2017-08-23,4.42,-1.1,-3.9,4.26
2017-08-22,4.42,-1.1,-3.9,4.26
2017-08-21,4.47,0.7,-3.9,4.29
2017-08-18,4.47,0.7,-3.9,4.29
2017-08-17,4.47,0.7,-3.9,4.29
2017-08-16,4.47,0.7,-3.9,4.29
2017-08-15,4.47,0.7,-3.9,4.29
2017-08-14,4.44,1.6,-5.3,4.26
2017-08-11,4.44,1.6,-5.3,4.26
2017-08-10,4.44,1.6,-5.3,4.26
2017-08-09,4.44,1.6,-5.3,4.26
2017-08-08,4.44,1.6,-5.3,4.26
2017-08-07,4.37,0.7,-6.8,4.19
2017-08-04,4.37,0.7,-6.8,4.19
2017-08-03,4.37,0.7,-6.8,4.19
2017-08-02,4.37,0.7,-6.8,4.19
2017-08-01,4.37,0.7,-6.8,4.19
2017-07-31,4.37,0.7,-6.8,4.19
2017-07-28,4.34,-0.2,-7.3,4.16
2017-07-27,4.34,-0.2,-7.3,4.16
2017-07-26,4.34,-0.2,-7.3,4.16
2017-07-25,4.34,-0.2,-7.3,4.16
2017-07-24,4.35,0.7,-4.6,4.17
2017-07-21,4.35,0.7,-4.6,4.17
2017-07-20,4.35,0.7,-4.6,4.17
2017-07-19,4.35,0.7,-4.6,4.17
2017-07-18,4.35,0.7,-4.6,4.17
2017-07-17,4.32,-0.5,-5.9,4.11
2017-07-14,4.32,-0.5,-5.9,4.11
2017-07-13,4.32,-0.5,-5.9,4.11
2017-07-12,4.32,-0.5,-5.9,4.11
2017-07-11,4.32,-0.5,-5.9,4.11
2017-07-10,4.34,-0.7,-6.5,4.12
2017-07-07,4.34,-0.7,-6.5,4.12
2017-07-06,4.34,-0.7,-6.5,4.12
2017-07-05,4.34,-0.7,-6.5,4.12
2017-07-04,4.34,-0.7,-6.5,4.12
2017-07-03,4.37,-0.7,-6.8,4.15
2017-06-30,4.37,-0.7,-6.8,4.15
2017-06-29,4.37,-0.7,-6.8,4.15
2017-06-28,4.37,-0.7,-6.8,4.15
2017-06-27,4.37,-0.7,-6.8,4.15
2017-06-26,4.4,-0.9,-7.0,4.19
2017-06-23,4.4,-0.9,-7.0,4.19
2017-06-22,4.4,-0.9,-7.0,4.19
2017-06-21,4.4,-0.9,-7.0,4.19
2017-06-20,4.4,-0.9,-7.0,4.19
2017-06-19,4.44,-0.7,-6.9,4.23
2017-06-16,4.44,-0.7,-6.9,4.23
2017-06-15,4.44,-0.7,-6.9,4.23
2017-06-14,4.44,-0.7,-6.9,4.23
2017-06-13,4.44,-0.7,-6.9,4.23
2017-06-12,4.47,-0.4,-6.5,4.27
2017-06-09,4.47,-0.4,-6.5,4.27
2017-06-08,4.47,-0.4,-6.5,4.27
2017-06-07,4.47,-0.4,-6.5,4.27
2017-06-06,4.47,-0.4,-6.5,4.27
2017-06-05,4.49,-1.1,-5.9,4.32
2017-06-02,4.49,-1.1,-5.9,4.32
2017-06-01,4.49,-1.1,-5.9,4.32
2017-05-31,4.49,-1.1,-5.9,4.32
2017-05-30,4.49,-1.1,-5.9,4.32
2017-05-29,4.54,-1.3,-3.2,4.35
2017-05-26,4.54,-1.3,-3.2,4.35
2017-05-25,4.54,-1.3,-3.2,4.35
2017-05-24,4.54,-1.3,-3.2,4.35
2017-05-23,4.54,-1.3,-3.2,4.35
2017-05-22,4.6,-1.1,-3.0,4.41
2017-05-19,4.6,-1.1,-3.0,4.41
2017-05-18,4.6,-1.1,-3.0,4.41
2017-05-17,4.6,-1.1,-3.0,4.41
2017-05-16,4.6,-1.1,-3.0,4.41
2017-05-15,4.65,-0.9,-0.9,4.48
2017-05-12,4.65,-0.9,-0.9,4.48
2017-05-11,4.65,-0.9,-0.9,4.48
2017-05-10,4.65,-0.9,-0.9,4.48
2017-05-09,4.65,-0.9,-0.9,4.48
2017-05-08,4.69,0.0,-1.1,4.52
2017-05-05,4.69,0.0,-1.1,4.52
2017-05-04,4.69,0.0,-1.1,4.52
2017-05-03,4.69,0.0,-1.1,4.52
2017-05-02,4.69,0.0,-1.1,4.52
2017-05-01,4.69,0.2,-0.8,4.53
2017-04-28,4.69,0.2,-0.8,4.53
2017-04-27,4.69,0.2,-0.8,4.53
2017-04-26,4.69,0.2,-0.8,4.53
2017-04-25,4.69,0.2,-0.8,4.53
2017-04-24,4.68,2.6,-1.5,4.49
2017-04-21,4.68,2.6,-1.5,4.49
2017-04-20,4.68,2.6,-1.5,4.49
2017-04-19,4.68,2.6,-1.5,4.49
2017-04-18,4.68,2.6,-1.5,4.49
2017-04-17,4.56,-0.7,-3.6,4.41
2017-04-14,4.56,-0.7,-3.6,4.41
2017-04-13,4.56,-0.7,-3.6,4.41
2017-04-12,4.56,-0.7,-3.6,4.41
2017-04-11,4.56,-0.7,-3.6,4.41
2017-04-10,4.59,-1.1,-3.4,4.45
2017-04-07,4.59,-1.1,-3.4,4.45
2017-04-06,4.59,-1.1,-3.4,4.45
2017-04-05,4.59,-1.1,-3.4,4.45
2017-04-04,4.59,-1.1,-3.4,4.45
2017-04-03,4.64,-1.1,-1.1,4.49
2017-03-31,4.64,-1.1,-1.1,4.49
2017-03-30,4.64,-1.1,-1.1,4.49
2017-03-29,4.64,-1.1,-1.1,4.49
2017-03-28,4.64,-1.1,-1.1,4.49
2017-03-27,4.69,-0.8,0.9,4.56
2017-03-24,4.69,-0.8,0.9,4.56
2017-03-23,4.69,-0.8,0.9,4.56
2017-03-22,4.69,-0.8,0.9,4.56
2017-03-21,4.69,-0.8,0.9,4.56
2017-03-20,4.73,-0.8,5.1,4.59
2017-03-17,4.73,-0.8,5.1,4.59
2017-03-16,4.73,-0.8,5.1,4.59
2017-03-15,4.73,-0.8,5.1,4.59
2017-03-14,4.73,-0.8,5.1,4.59
2017-03-13,4.77,-0.2,6.2,4.63
2017-03-10,4.77,-0.2,6.2,4.63
2017-03-09,4.77,-0.2,6.2,4.63
2017-03-08,4.77,-0.2,6.2,4.63
2017-03-07,4.77,-0.2,6.2,4.63
2017-03-06,4.78,0.2,6.9,4.64
2017-03-03,4.78,0.2,6.9,4.64
2017-03-02,4.78,0.2,6.9,4.64
2017-03-01,4.78,0.2,6.9,4.64
2017-02-28,4.78,0.2,6.9,4.64
2017-02-27,4.77,1.7,5.8,4.63
2017-02-24,4.77,1.7,5.8,4.63
2017-02-23,4.77,1.7,5.8,4.63
2017-02-22,4.77,1.7,5.8,4.63
2017-02-21,4.77,1.7,5.8,4.63
2017-02-20,4.69,-1.1,2.9,4.62
2017-02-17,4.69,-1.1,2.9,4.62
2017-02-16,4.69,-1.1,2.9,4.62
2017-02-15,4.69,-1.1,2.9,4.62
2017-02-14,4.69,-1.1,2.9,4.62
2017-02-13,4.74,1.1,3.3,4.64
2017-02-10,4.74,1.1,3.3,4.64
2017-02-09,4.74,1.1,3.3,4.64
2017-02-08,4.74,1.1,3.3,4.64
2017-02-07,4.74,1.1,3.3,4.64
2017-02-06,4.69,-1.1,2.9,4.61
2017-02-03,4.69,-1.1,2.9,4.61
2017-02-02,4.69,-1.1,2.9,4.61
2017-02-01,4.69,-1.1,2.9,4.61
2017-01-31,4.69,-1.1,2.9,4.61
2017-01-30,4.74,0.2,4.6,4.65
2017-01-27,4.74,0.2,4.6,4.65
2017-01-26,4.74,0.2,4.6,4.65
2017-01-25,4.74,0.2,4.6,4.65
2017-01-24,4.74,0.2,4.6,4.65
2017-01-23,4.73,-0.4,6.5,4.64
2017-01-20,4.73,-0.4,6.5,4.64
2017-01-19,4.73,-0.4,6.5,4.64
2017-01-18,4.73,-0.4,6.5,4.64
2017-01-17,4.73,-0.4,6.5,4.64
2017-01-16,4.75,0.4,8.2,4.66
2017-01-13,4.75,0.4,8.2,4.66
2017-01-12,4.75,0.4,8.2,4.66
2017-01-11,4.75,0.4,8.2,4.66
2017-01-10,4.75,0.4,8.2,4.66
2017-01-06,4.73,-0.4,7.0,4.62
2017-01-05,4.73,-0.4,7.0,4.62
2017-01-04,4.73,-0.4,7.0,4.62
2017-01-03,4.73,-0.4,7.0,4.62
2017-01-02,4.75,1.3,7.0,4.64
2016-12-30,4.75,1.3,7.0,4.64
2016-12-29,4.75,1.3,7.0,4.64
2016-12-28,4.75,1.3,7.0,4.64
2016-12-27,4.75,1.3,7.0,4.64
2016-12-26,4.69,0.9,5.6,4.58
2016-12-23,4.69,0.9,5.6,4.58
2016-12-22,4.69,0.9,5.6,4.58
2016-12-21,4.69,0.9,5.6,4.58
2016-12-20,4.69,0.9,5.6,4.58
2016-12-19,4.65,3.3,5.2,4.54
2016-12-16,4.65,3.3,5.2,4.54
2016-12-15,4.65,3.3,5.2,4.54
2016-12-14,4.65,3.3,5.2,4.54
2016-12-13,4.65,3.3,5.2,4.54
2016-12-12,4.5,0.2,3.0,4.39
2016-12-08,4.5,0.2,3.0,4.39
2016-12-07,4.5,0.2,3.0,4.39
2016-12-06,4.5,0.2,3.0,4.39
2016-12-05,4.49,0.4,4.7,4.35
2016-12-02,4.49,0.4,4.7,4.35
2016-12-01,4.49,0.4,4.7,4.35
2016-11-30,4.49,0.4,4.7,4.35
2016-11-29,4.49,0.4,4.7,4.35
2016-11-28,4.47,-0.9,4.7,4.34
2016-11-25,4.47,-0.9,4.7,4.34
2016-11-24,4.47,-0.9,4.7,4.34
2016-11-23,4.47,-0.9,4.7,4.34
2016-11-22,4.47,-0.9,4.7,4.34
2016-11-21,4.51,-1.1,4.9,4.37
2016-11-18,4.51,-1.1,4.9,4.37
2016-11-17,4.51,-1.1,4.9,4.37
2016-11-16,4.51,-1.1,4.9,4.37
2016-11-15,4.51,-1.1,4.9,4.37
2016-11-14,4.56,-0.7,4.8,4.41
2016-11-08,4.56,-0.7,4.8,4.41
2016-11-07,4.59,0.7,4.6,4.44
2016-11-04,4.59,0.7,4.6,4.44
2016-11-03,4.59,0.7,4.6,4.44
2016-11-02,4.59,0.7,4.6,4.44
2016-11-01,4.59,0.7,4.6,4.44
2016-10-31,4.56,0.7,2.9,4.39
2016-10-28,4.56,0.7,2.9,4.39
2016-10-27,4.56,0.7,2.9,4.39
2016-10-26,4.56,0.7,2.9,4.39
2016-10-25,4.56,0.7,2.9,4.39
2016-10-24,4.53,2.0,1.6,4.37
2016-10-21,4.53,2.0,1.6,4.37
2016-10-20,4.53,2.0,1.6,4.37
2016-10-19,4.53,2.0,1.6,4.37
2016-10-18,4.53,2.0,1.6,4.37
2016-10-17,4.44,1.1,-0.9,4.26
2016-10-14,4.44,1.1,-0.9,4.26
2016-10-13,4.44,1.1,-0.9,4.26
2016-10-12,4.44,1.1,-0.9,4.26
2016-10-11,4.44,1.1,-0.9,4.26
2016-10-10,4.39,-0.7,-2.2,4.2
2016-10-07,4.39,-0.7,-2.2,4.2
2016-10-06,4.39,-0.7,-2.2,4.2
2016-10-05,4.39,-0.7,-2.2,4.2
2016-10-04,4.39,-0.7,-2.2,4.2
2016-10-03,4.42,-0.5,-1.8,4.23
2016-09-30,4.42,-0.5,-1.8,4.23
2016-09-29,4.42,-0.5,-1.8,4.23
2016-09-28,4.42,-0.5,-1.8,4.23
2016-09-27,4.42,-0.5,-1.8,4.23
2016-09-26,4.44,0.0,-1.1,4.25
2016-09-23,4.44,0.0,-1.1,4.25
2016-09-22,4.44,0.0,-1.1,4.25
2016-09-21,4.44,0.0,-1.1,4.25
2016-09-20,4.44,0.0,-1.1,4.25
2016-09-19,4.44,0.5,-1.6,4.24
2016-09-16,4.44,0.5,-1.6,4.24
2016-09-15,4.44,0.5,-1.6,4.24
2016-09-14,4.44,0.5,-1.6,4.24
2016-09-13,4.44,0.5,-1.6,4.24
2016-09-12,4.42,1.1,-1.3,4.22
2016-09-09,4.42,1.1,-1.3,4.22
2016-09-08,4.42,1.1,-1.3,4.22
2016-09-07,4.42,1.1,-1.3,4.22
2016-09-06,4.42,1.1,-1.3,4.22
2016-09-05,4.37,1.9,-0.5,4.16
2016-09-02,4.37,1.9,-0.5,4.16
2016-09-01,4.37,1.9,-0.5,4.16
2016-08-31,4.37,1.9,-0.5,4.16
2016-08-30,4.37,1.9,-0.5,4.16
2016-08-29,4.29,0.5,-2.3,4.05
2016-08-26,4.29,0.5,-2.3,4.05
2016-08-25,4.29,0.5,-2.3,4.05
2016-08-24,4.29,0.5,-2.3,4.05
2016-08-23,4.29,0.5,-2.3,4.05
2016-08-22,4.27,-0.7,-2.5,4.04
2016-08-19,4.27,-0.7,-2.5,4.04
2016-08-18,4.27,-0.7,-2.5,4.04
2016-08-17,4.27,-0.7,-2.5,4.04
2016-08-16,4.27,-0.7,-2.5,4.04
2016-08-15,4.3,-1.1,0.5,4.08
2016-08-12,4.3,-1.1,0.5,4.08
2016-08-11,4.3,-1.1,0.5,4.08
2016-08-10,4.3,-1.1,0.5,4.08
2016-08-09,4.3,-1.1,0.5,4.08
2016-08-08,4.35,-0.9,3.1,4.12
2016-08-05,4.35,-0.9,3.1,4.12
2016-08-04,4.35,-0.9,3.1,4.12
